{
    "loss": 1.468861699104309,
    "accuracy": 0.8534482717514038
}